file_name,answer
00001,아빠는 요즘 노래들이 너무 어렵더라
00002,결혼 한 댐빌 딸들 중상해서 김치 보내주느라 바빠
00003,난 방송에 들어도 클래식 음악을 먹고 싶은데 잘하는데 전혀 맛이 다른데
00004,옛날이랑 다르게 요즘은 드라마가 너무 많아서 뭘 봐야 할지 모르겠어
00005,이번에 집에 와서 빌력이 녹해서 한 번에 직장을 못 했어 성적으로 내일 걸 받았어
00006,신입사원이 업무를 너무 많아서 기험이나 우리 부부 없는데 해가 나요
00007,대학교 들어간 회사에서 정규직 제안이 들어왔어
00008,이 내 인생 첫 차람 만에 공부를 하고 가서 먹어
00009,오랜만에 할머니가 집에 가서 사 사 샀던 둘이 많아서 실망했어
00010,아는 분이 대회 보니 직원들이 지난대 친구가 앞으로 사이라고 있는데 이제는 나다 하나다고 해
00011,챙각에 남자친구를 만나서 이번 연애는 끔찍한 경화를 냈어
00012,성적에서 꾸준히 사람들을 선생님으로 우리 알고 싶은 음식은 광어회 생각했는데 나에게 되네
00013,어렸던 이제는 일을 하나 번 달 맞아
00014,올해는 너무 부답을 시어날 왜 이렇게 먹고 싶어
00015,학교 일한 프로젝트에 유명한 못 간 영화를 봤어
00016,목돈이 꾸준히 내시험 품을 들어 대출 갚으로 업무 다시 세계속 나는 게 반장이 없어
00017,내가 심근격으로 먹고 싶다고 나왔어
00018,갑작 처음을 하라고 하는데 친구가 나는 빈구들을 조금 점수가 안 좋아하는 것 같아 미원해
00019,일을 야근이 다 행힐 것 같아 입사하기 전화가 나왔어
00020,개인 공기간에 스트레스를 많이 받아서 친구가 가버렸어
00021,담임 선생님이 내가 이번에 전공이 들어오렸다고 우리 부모님께 내 친구에게 내 친구는 선을 하셨대
00022,이번 시험에는 진료를 열심히 했는데 그 뒤로 반 통해서 슬퍼 승진하게 되어졌어
00023,회사를 준비 중인 동생이 회계사 상쉬원하고 했대
00024,이번에 전축해 반을 맞치 있으면 난 맛집이 있으면 알려줘
00025,아빠가 동기 계속 이번에 계속 속 작길랬어
00026,아이돌 그룹이 해체하더니 상담을 서운해 주시고 있는데
00027,중학교에서는 사업 때문에 감장이 있는데 그걸 처 반장 성적에 장 선생님께 물어봐야겠어 한 맛지를 몰라봐야
00028,예전에 라스베가스에서 마술쇼를 봤는데 너무 재밌게 봤었던 기억이 있어
00029,친구들이랑 있다고 있는 분이 너무 많은 기분이고 외로워
00030,여자친구가 자신의 과거를 숨기고 있었다는 사실을 알고 믿기가 어려워졌어
00031,내가 전공을 선택했지만 솔직히 나와 때문에 갑자기 안 날 믿어져
00032,오늘은 검진 잘한 남자친구가 나서 간섭하고 싶어
00033,겨울에 대한 사람들은 노후 준비를 일찍 하고 말했는데 추천하는 것이 안 안 해
00034,엄마는 나 또 예전에 우정하게 아빠가 내 성환이 없는 걸 보면 설레서워
00035,아들이 나를 누신해서 병원비를 먹어서 가게 실적을 전혀 되는 게 진찍이 있다고 해
00036,학교에 입학하게 내 힘당한 정보를 엄마랑 다른 연락을 받았어
00037,자취하니까 거의 엄마가 보내주신 반찬이랑 밥이랑 먹어요
00038,올해 대회에 나가서 좋아하던 트로트를 불렀더니 대상을 수상했어
00039,내가 하고 싶은 말이 있어서 엄마랑 영화를 보러 가면 엄마를 하면 엄마는 해야 할지 고민이 돼
00040,이번 기말고사에서는 꼭 일 등을 하고 다른 책이 정말 같은 스피겠지
00041,학교 준비 회사에 하고 싶어서 나가 봤는데 결국 다른 친구가 당선됐어
00042,부장님이 자신의 업무를 대충 한 거 내가 처리해야 할 것만 말아
00043,아무리 비교에도 아프게 작은 성공이 없는데 수익률이 높아야 할까 싶어
00044,예약을 굿지를 하는 것이 안 좋아 했던 것이 미질도 예정적으로 어려운 수업을 아름 많이 안 들어
00045,요즘에는 보다 이번 달 정도 돼
00046,내가 좋아하는 가수가 안 좋아서 업무를 새로 발매한다고 해서 티달리고 있어
00047,아빠가 아침마다 회사에 가지 않으면 좋겠어요
00048,고등학을 상하게 되는 우리 반에 간장고를 간당보고 잘하고 사람들은 마음에 있지만 아무리 공부해도 금보 뜩핼
00049,우리 집에서 제일 가까운 노인대학교는 용산ㄴ노인 대학교야
00050,우리 가족은 계간 좋아 한 성격이 안 되는 것 같은 것 같아
00051,손장 떡볶이는 평생 상담을 퍼서 내가 보고 싶어서 내가 고르도 맛있어
00052,요즘에 친구들끼리 여름에 가족들이랑 갈 여행 계획을 많이 해요
00053,오늘 점심을 때부터 노후준비를 정말 잘한 것 같아
00054,애들이 중학생이 되니 계속 결국 교육비 취업하고 성적으로 모아둔 돈을 끝났어
00055,나 같은 사람을 좋아해 줄 사람이 있을까
00056,학교에서 피아노 친구를 싫어했어요
00057,이제 무릎도 아프고 허리도 똑바로 먹고 싶어
00058,내가 이번 수학시험에서 우리 반 꼴찌를 했대
00059,도대행이 아프로 성적이 있는데 아직 남아서 걱정돼
00060,이번 주에 샌드위치 휴일이 있어
00061,요즘 관심 적음을 많이 나다 보니까 노래를 평소보다 더 축도 떠라고
00062,혼니ㅏ 자친구가 헤어지는 이제 내 어떻게 말해야 할지 고민이야
00063,우리 엄마 전 요리를 잘해서 난 배달 음식을 시켜 먹어
00064,떡볶이 떡은 미리 물에 넣어서 식간을 미리 불려놓으세요
00065,제가 좋아하는 시인이 새로 낸 시집이 베스트셀러가 돼서 저까지 뿌듯하네요
00066,우리 집간에 혼자 일을 절다봤다가 한 사람들이 불행해
00067,이제 가족들이랑 다 먹어야 해
00068,남자친구가 나보다 예쁜 여자를 만나서 나를 떠날까 봐 불안해
00069,회사가 잘 돼서 좋긴 한데 그만큼 업무가 늘어서 힘들다
00070,모든 솔직히 일증을 하는 늘 늘 남편 보다 근충 잘 안 하고전에 마음이 있지만 아무리 불안해 열심히 해도 뜻
00071,내 사업 자금을 마련할 때 아내가 아이들 대학 중에 우리 반 토막 놀랐어
00072,친구들이 들어 보니까 자기는 내가 나을 딸도 대학을 거라고 하더라고
00073,감족이 아파서 병원에 가서 검사를 받았는데 의아가 기정 관절연해
00074,엄마가 어제 결혼할 남자친구를 집에 데리고 왔어
00075,내가 좋아하는 영화의 할 생각이 더 좋아하는 게 내인지
00076,우리는 애들이 이제 한 번씩 쏘물어보라 거정 대학 참 되나
00077,난 사귀게서 너무 어려운 일을 하고 싶어 그렇게 운동하게 올라오니 중학교 때보다 수업이 갑자기 어려워져서 당황스러
00078,내 친구가 오늘 계속 자기 시험 성적을 잘 안 나서 짝 났어
00079,지금까지 놀력이 보상 받는 것 같아
00080,소 언젠가는 회바를 당하기 힘들어하니 고기가 싶어
00081,이 대학을 진해고 있는데 요리 도와
00082,적금을 우리 때 너무 슬퍼
00083,어제 건강검진을 받았는데 정밀 엄마랑 필요하다고 해서 약ㄱ간 스러워
00084,평생 일만 하고 동가늘 제대로 안 해 봐서 어떤 제부터 금지의 잘 모르겠어
00085,친구들이랑 같이 회사에 지원했는데 아무도 잘 했어
00086,내가 요즘 이북으로 하지 않는 사람이 있는 것 같아
00087,손녀딸이 스트레스를 만들 때는 먼저 올리브에 불여 더 많이 고만들어 만들어 좋더라
00088,예전에 라스베가스에서 마술쇼를 봤는데 너무 달리 입었었던 기억이 있던 기억이 있더라
00089,해외여행 군동을 위한 일이 반에 내가 편하게 했어
00090,남편이 좋아하는 연예인들이 비교해
00091,여자친구와 크게 싸우는 걸 좋아할 준비해야 해
00092,이번에는 승진이 될 줄 알았는데 괜히 기대했나 봐
00093,수산물을 내가 받아서 못 본 음식은 광일에 없어
00094,내 자식들은 날 너무 잘 챙겨줘서 항상 고마운 마음이야
00095,곧 취직해 일하는 게 언젠가 가장 문화서가 어려워서 내가 행볼 거절했어
00096,최근에 잠깐 입원했는데 아무에게도 연락을 못 받았어
00097,아내는 나무 예회에 피하면 사일을 갔는데 어렵다 많아 봐
00098,지금 다니고 있는 회사 그만 다니고 다른 회사로 이직하고 싶어
00099,노후 준비를 위해 보니 내일 불을 안 다 싫었는데 시금은 나를 좋아했어
00100,노후 준비하려고 오래전부터 열심히 모아둔 돈을 남편이 사업 자금으로 다 날려버렸어
00101,나는 원래 클래식 음악에 관심이 없었는데 이 음악회 이후로는 자주 들을 것 같습니다
00102,내 친구 평이 같에 사요일이 있었는데 나는 한 애가 까질까
00103,고등학교 정말 좀 해 고민이 마음이 마음에 나올 것 같아
00104,내가 이번 학기 공부 족혈압이 났던 걸 반에 나온 좋은 걸 보려고
00105,건강했던 오랜만 지금보다 갑자기 이해고당하고 들었어
00106,보험금이 얼마 안 나왔어
00107,우리나라 고기 문확을 공부한 친구가 판소리 공연을 함께 보러 가자고 해서 따라갔다
00108,사십대가 되고 보니 이곳저곳 아프지 시작해서 내 건강 상태가 걱정돼
00109,요즘 대비하는 아이돌들은 대부분 나보다 어려
00110,뮤지컬을 한 번도 관람한 적이 없는 사람도 재미있게 볼 수 있는 공연이 있을까
00111,아들이 자꾸 사랑을 했어 걱정이 돼
00112,공부를 다이가 납자기 회사 생활이 편해졌어
00113,태어나서 처음으로 오페라를 보러 갔는데 너무 재밌더라
00114,나이가 들수록 경관에 신경 써야 해
00115,최근에 신경 때문에 많이 봤어
00116,요새 남자친구가 나를 배신해
00117,책을 건강을 읽어서 저는 취직을 힘들어했는데 시집이 주처럼해
00118,아내는 내가 무슨 일을 하든 응원해 주고 이해해 주는 사람이야
00119,미국 시트콤 하나를 거의 다 봤는데 추천하는 시트콤이 또 있나요
00120,은퇴했는데 연금이 나오기까지는 아직 많았어
00121,일을 열심히 할수록 안 한 직원이 회사에 최사한다고 해
00122,자식이 노후자금을 결혼할 때 결혼 자금으로 붙여달라고 해서 내일 암청해
00123,아빠는 나를 상하지 않는 것 같아 내가 하나 있는데 내 앞에서 연애를 하면서 내 아직도 다들으면 좋대
00124,최근에 한 사업을 보러 갔는데 사람 만은 달아보고 없었어
00125,한식 중 으뜸은 역시 비비빔밥이 아닐까 싶지만 사실 웬만한 한 식든 다 맛있어서 우열을 가리기 힘들긴 해
00126,음악 들어 다니던 친구들이랑 함께 여기 기름이 나는 게 많이 것 같아요
00127,오랜만에 친구와 만나서 돼지고기 먹으면서 술 한잔해
00128,이렇게 멋진 남자가 지금 나의 남자친구 공니 나의 남편이 된다는 게 정말 감사해
00129,공부도 학교에서 먹는 사업을 들었어
00130,제가 제일 좋아하는 음식은 소고기 구업에 대해 먹으려고
00131,우리 때는 솔직하고 그양식도 좋았는데 이번에 집 근처 많은 시간도 중요시한대
00132,내가 이번 프로젝트가 이번에 대성공으로 끝났어
00133,회사에서 내가 한 번도 안 해본 일을 맡겼어
00134,내일 노래 건강 검진 때문에 열아 가족이 때문에 한 번 해
00135,이번 달 본 상태에 성공상 사있는 걸 성공해서 오늘 이언으로 수업을 하지 않은데 내가 길을 주셨어
00136,나는 싱소우를 좋아하는 편인데 책 좀 추천해 줄까
00137,절반 정도 재택근무를 했는데 업무 성과가 그전보다 훨씬 높아졌대
00138,한국 항상 상 사이가 안 될 때는 원제 공부해도 안 해뒀어
00139,요즘 공연을 보고 와서 매일 드라마를 즐겨 봐
00140,요즘 재즈음악이 너무 많아서 단기고 싶은데 추천하는 가수 있어
00141,회사에서 십사하고 차렸는데 예상보다 수입이 사워서 정미에 해야 할지 고민이야
00142,옆 반 커플 오래갈 줄 알았는데 한 달 동안 부족해
00143,우리 아빠가 뉴스 방송에 출연해서 인터뷰했어 아빠를 텔레비전에서 보게 될 줄이야
00144,내 꿈이 이번 대살 안 명접에 가리 위기야 하는 아니의 회사에서 까지 갈 수 있는 학신이 있어
00145,아빠가 오늘 나랑 놀아주시기로 약속하셨는데 아직도 안 오셔서 속상해
00146,동생이 상들과 잘 못 잘 모르겠어 내가 친구를 만들어 주려고 해
00147,아내는 나를 가족이 아니라 돈 버는 것은 것이 같아
00148,오늘 이번 학기에서 수업이 하는데 선생님께서 말씀드려 진로 나시는 거야
00149,우리 집을 가난해서 여자친구 부모님이 나와 여자친구의 연애를 반대하셔
00150,아직도 건강검진 결과가 너무 승진 양식을 더 좋다고 의사가 유행이라고 같아
00151,우리 학원 밑에 진짜 맛있는 떡볶이집 있어
00152,나한테 거짓말 한 친구에게 오늘 복수할 기회가 생겼어
00153,아버작 잘 가기 가족 싶어서 음식에서 육이 세 소생해 선생님께 말하면 혼날 것 같아
00154,어떤 내일을 시작하는 게 좋을까
00155,아버지가 지금까지 삼십 년 동안 우리 가족을 위해 힘들게 일하신 것이 정말 감사해
00156,형이 사원을 집에서 해먹기 어려우니까 먹고 싶으면 가족들이랑 집 앞 식당에 가서 먹는 거야 해
00157,나는 오늘 만난 둔이 아주 마음에 들었는데 대학 신청을 거절당했어
00158,남자친구가 나를 배신해서 화를 냈더니 나를 찼어
00159,내가 공부를 잘 못하니까 부모님이 나는 자식도 아니라고 하셨어 그 말이 너무 상처로 남아서 엄청나게 울었어
00160,그램 그림 그리만 스플 ㅡ리면 진단소리 너무 있지
00161,나는 일찍 결혼해서 행복한 가정 따중에 하는 연애마다 오르게 가지 못해
00162,내가 아는 어떤 직원으로 영어 수익률이 나올 수 있다는데 제일 잘 모르겠어
00163,내가 결혼한다는 소식을 듣고 전 남자친구한테 연락이 왔어
00164,내가 제일 좋아하는 가수가 다음 주에요
00165,어제 친구랑 싸웠는데 난 아직도 왜 이게 내 잘못이라는 건지 이해가 안 돼
00166,내 사촌 동생은 남편이랑 정말 잘 사는 것 같아
00167,지난달에 옆집 노인한테서 돈을 조금 빌렸는데 이제 곧 갚아야 해
00168,어렸을 때 물을 쌀면 다시 때문에 승진했는데 너무 가기로 했었는데 너무 것 같아
00169,저는 한 노래에 빠지면 그 노래만 질릴 때까지 반복해서 듣는 편입니다
00170,생일이 다이어트를 꼭 한 친구들을 해야 할 너무 먹어
00171,나는 코미디 영화보다는 다 찾안 좋아
00172,선생님이 내가 시험을 너무 못하셔서 주식 주셔서도 맛있어
00173,어릴 때 건강에 좋아했는데 할 거래는 랬나
00174,오늘 학원 급의 가지면 그 백밖에 나오지 않아서 부모님께 만들어
00175,학교 끝나고 배고프니까 떡볶이 말고 가른 것 같아
00176,은퇴 후에 엄마가 나한테 겁전에 엄청나게 잘해주셔
00177,회사 보님이 너무 빨리 떨어져서 필요가 싶은데 친구 싶은데 쉽지 않을 것 같아
00178,이 아이돌 그룹이 불해서 한동안 티켓팅을 보러 갔어
00179,내가 최근에 갈비찜 영상을 많이 봐서 한번 해 보고 싶었 한번 해 먹어 보고 싶어
00180,정년이들은 아버도 지원할 사람이랑 어떻게 수익률이 없어
00181,어린이날에 우리 영화 보러 가
00182,남자친구랑 싸웠는데 남자친구가 화해할 생각이 없어 보여
00183,오늘 회의 학원에 가장에 가지 못하는 회사에 무사하가 보니 회사에 다해 갈 거의 말을 할 수 있을지 걱정이야
00184,내가 가장 좋아하는 동료는 필요 많이 알아
00185,요즘 공개팅을 하려는 애일부터 가는 거야
00186,내 남편은 아이가 태어난다면 분명 좋은 아빠가 될 거야
00187,우리 아들이 어제부터 몸이 아프다고 해
00188,손주가 유화를 알려줘
00189,우리 부서에 핵심 인력인 친구가 갑자기 오늘 그만두는 바람에 회사가 어수선해
00190,우리 집은 아내가 나가서 일하고 내가 지금 내가 지금 하고 아이를 대봐야겠나 봐
00191,은퇴 준비로 월급의 육십 퍼센트를 저축하기로 다짐했는데 아직은 잘 될 거 같아
00192,젊을 때부터 빚을 갚기 전소리하는 서로 얼굴도 우리 돈을 좀 해야 할지 상스럽게 시정이라도 좋아하더라
00193,지난주에 뮤지컬을 봤는데 엄청 웅장해요
00194,인상에서 일을 하면 구역질이나
00195,오늘 담임 선생님께서 한 아르바이트를 퇴사하고 싶어
00196,한 일을 못 했는데 동안 안 한테 되어야 할까
00197,손주가 학교에서 나만 이 가수의 콘서트를 꼭 갈 거예요
00198,부모님이 남자친구를 사귀고 있는데 그 안 대해달 것 같아
00199,해외여할 엄마가 잦아를 넣고 싶은데 생각보다 재미없어
00200,팀이 이미 뻑 한 회사에서 업무 많이 넣어
00201,자식들 못 본 연극이 소고기가 없어서 구워 먹었을까
00202,내 실적이 예술 맛지 않다고 항상 퇴사를 고민했어
00203,이 내 나도 인약을 들어봤는데 정말 신기했던 것 같아
00204,딸이 덩말에 말다툼을 나갔더니 걱정이 돼서 따라 나갔어
00205,그 영화 개봉 일정을 더 놔
00206,이 작가의 신간은 나반장에 나올 때마다 전해 친구에게 전화는 표스를 들었는데 알아보이래
00207,나는 여자친구를 완전히 믿기 때중에 사생활을 침해하지 않아
00208,아무리 친한 친구여도 보고 예전 취직하지 않아
00209,지난주에 토요일에는 엄마 아빠랑 연극을 보러 갔다 왔어
00210,손주들학교에 기다리고 있었는데 일은 건강 대학 가는 것도 왜 약근을 더 보여서 별로 안 해
00211,내가 돈을 많이 쓰고 다녀도 자식할 돈을 남겨 둔다고
00212,오늘 따라 공연의 음악이 너무 많아서 대화해
00213,대학교 들어가니까 생각 친구들을 만나기로 싶지 않아
00214,미국 투자한 회사 제파가 했어 길업이 맞은 얘기해도 할 수 있고 투자 노랙을 정말 안 해
00215,오늘 드디어 내가 공부한다고 싶은데 합격했었다고 오늘 결국 나왔어
00216,이번에 미술관에 갔다 오고 예술이 정말 이해하기 어렵다는 걸 깨달았어
00217,사람들이 본인의 인생에 관해서 쓴 책들이 전 요즘 재밌더라고요
00218,아들이 나를 위해서 종합 건강 검진을 예약해 줘서 조금 검사를 받고 있어
00219,손주가 학교에 간 진닥은 내 인상하게 내 인상한 말도 약을 끝내서 별로 열심히 했어
00220,여자친구가 자신의 과거를 숨기고 있었는 확실히 갈고 있어
00221,손주가 때문에 아르바이트하는 게 이제 한 명이 잦아서 밀키기 많이 싸워 볼까
00222,어제 아들이랑 직원 택업 마트에 갔는데 아들이 짐도 들어주니 편했어
00223,요즘 같이 더운 날에는 보양식을 먹어줘야지
00224,소풍의 꽃은 역시 소풍 도시락 음식이지 그중에서도 역시 김밥이 최고야 문어 모양 소시지나 유부초밥도 좋고 말이야
00225,요리 시대일 출은 전에 환해 말적 잘 못 본 나오는 걸 알게 됐어
00226,내가 늘 여러 회사에서 고객 잘 해 올래
00227,대장은 학교에 영화를 얻은데 대학을 지원해 줄 것 같아
00228,그래만을 종영하고 나서 몰아서 보는 게 더 재밌어요
00229,엄마 나 핸드폰 좋게 일 가줘
00230,딸이 엄마 되는 것도 좋아 오르는 것도 아니고 싶어서 내 일정을 알고 하고 싶어
00231,딸이 이제는 제사 지내지 말고 우리끼리 밥해 먹자고 해
00232,내가 아픈 걸 알아볼 때마다 해줄 것 같아
00233,아무리 약한 친구와 학교 가격이 때보다 너무 신규가 많이 먹어도 난 다녀보고 연락이 왔네
00234,혼자 일을 안 했던 열심히 했다지만 우리가 이제 유로운 돈을 남았는데 이러는 행복하니 너무 아니돼
00235,나도 커피를 못 마시니까 사람들이 다 큰 비워야 할지 모르겠은데 그 회의의 조안 좀 아쉬워
00236,성적이 없는데 통장에는 아직도 돈이 없어
00237,요즘은 오디션 프로그램을 매주 챙겨 보고 있나 봐
00238,지금 남자친구가 성숙해서 연애가 안정적이야
00239,한국 항 하로 음악 듣기도 책 읽기도 가능하다니
00240,이번 기업에 입사한 연극을 갔더니 일주일 전에 달라서 대학에 갈 생각이 어려워
00241,우리 엄마 된장찌개의 비결은 쌈장을 넣는 거야
00242,나도 엄마처럼 요리하고 싶은데 어떻게 해야 해요
00243,건강 검진 결과가 예상 밖에 나올 때 나왔어
00244,티브이 사람을 만날 기회가 없어서 연애를 시작할 수가 없어
00245,오늘은 요리하기 귀찮아서 근처 버거집에 가서 햄버거를 시켜 먹었어
00246,가까 친구 연기를 하다가 친구랑 부딪혀서 놓치지 못했어
00247,우리 배우님 일을 너무 많이 하셔서 역시 정말 친구랑 싸웠어
00248,이번에 회사에서 합격했어 아르바이트라도 가지 말랑 한 달 지내기에 아지지 않아
00249,매일 누굴 수학 없이 공부해서 성적이 안 오르니 부모님께 확실한 무서워
00250,기말고사 하루 전인데 갑자기 그 책 절기한대
00251,내일 출근하고 같은 업무를 반복하는 얘기하는 일상이 연기가 정말 퇴사하고 싶어
00252,학교에 일은 했던 프로젝트를 하는 가수들이 좋지 모르게 정말 되는 정말 대단하던 생각이 들어
00253,난 미술관을 가는 걸 좋아하는데 요즘은 시간이 별로 없어서 못 갔어
00254,여자친구 부모님께 인사드리러 갔는데 여자친구 부모님이 나를 아주 마음에 들어 하셨어
00255,오늘 따라이가 천 남자친구를 데리고 온다고 해서 이야기 우리 딸 어렸을 때 사신들을 준비해 놨어
00256,이 형만에 내가 대학에 학교 학ㄱ교 못하겠다가 거절하고 해서 어쩐에 진학 친구의 진학 얙할 수 있다는 동료에 혼
00257,친구는 내가 말을 다니고 마음이 안 들어주지 말라고 전 여자친구는 일이야기를 하고 해
00258,가족이랑 같이 사라저 못 했는데 걸 언니를 나를 안 했을까 걱정돼
00259,회사에서 바바빨 때 고개봉을 수 있는 일이 십 ㄴ이번 앞으로 알기런 바쁘도 아르싶을 공연을 보러 하는 것 같아 괴
00260,난 아직 가고 싶은 대학을 못 정해서 너무 고민이 많아
00261,얼마 전에 유방암 말기 판정을 받아서 눈앞이 캄캄해
00262,오늘 처음으로 보면 인게 퇴사하고 싶다는 일을 준비하게 말씀들었어
00263,원래 신나는 노래들을 많이 들었는데 요즘 기타를 배우기 시작하고부터는 어쿠스틱 노래들이 좋더라고
00264,학교를 맨년도 아파에 알아 알아비트할 때 치료가 너무 많은 것이 생각하는 한식을 가봐
00265,친구랑 하는 우리 부모님을 맞는 아파니까 내를 별로 없어
00266,이번 대회에 몇 동안 그래는 불안이 퇴근한다고 하는데 정말 기대가 되네요
00267,신입도 옷ㅇ있다고 업무를 늘려보다 잡기 연락이 뜸해졌어
00268,영화는 무슨 일을 하셔
00269,회사에서 다른 사람들은 요일에 너무 일하는 것 같아
00270,우리 부서 한 직원과 일이 했는데 이직을 생각 중이라고 했어
00271,달리기를 잘 한다고 소문이 나서 체육대해 계줄을 뽑혔는데 난 전 도금을 받고 싶지 않아
00272,딸이 퇴사하고 시고를 시작했는데 잘 될까 걱정이 돼
00273,우리 오빠가 이번에 발표해서 난 해중 어려운 어려운 수익률이 나도 더 노력해져
00274,내 딸이 지난주에 갑자기 올랑 생겼어
00275,오늘 화가의 끝나지 일을 해고 있는 음악에 매달 월급이 있더라
00276,이번 달은 생활비를 너무 많이 써서 금전적으로 많이 쪼들릴 것 같아
00277,내가 조금씩 모영서 나중에 회사에 취직을 못했어
00278,이번 기업대 업무를 때 평가가 점점을 나왔는데 도저히 은퇴했대
00279,갑자기 영화관 티켓이 한 장이야
00280,오늘 내 인생에 첫 남자친구가 생겼어
00281,저는 오빠 두 명이랑 여동생 한 명 있어요
00282,역시 각하면 삭당이 너무 달은 오르게 쉽게 풀리는 것 같아
00283,요즘에는 어떻게 힘들게 들어가만 아르바이트 잘 만들까
00284,우리 엄마는 재정 경제 있었는데 이번 동했어
00285,나는 우리 부서가 일을 최고의 실적으로 독질 상하고 싶어
00286,엄마한테 편지를 써드렸는데 엄마가 안 읽은 것 같아서 속상해
00287,새로운 업무를 도전해 볼 건데 이전 사람이랑 반고 갑자기 해야겠어
00288,부동산 경매로 집을 낙찰받았는데 세입자를 못 구해서 아직은 수익이 없어
00289,내가 모든 존일 앞으로 자식은 동료가 검상해서 항상 만황스러워
00290,방금 당황해서 나한테 가지는 건 나와 나이가 때까지 백 잘 안 틀어놓고 싶어
00291,취업 준비를 위해서 그래도 이제 잘 동안 취직했는데 실망해서 사용하려니까 어려워
00292,오랜만에 문화생활을 좀 즐겨 보자고 집에서 영화 한 편 어때
00293,식자재가 싱싱해서 오늘은 요리가 더 맛있을 것 같아
00294,우리 가족이 많은데도 같이 영화를 보러 가서 너무 서운해
00295,엄마가 오랜만에 아들 어떻게 같은 이제는 장을 했네
00296,결혼한 대만 아직 긴정해서 든친구를 모는 집을 받았어
00297,요즘은 책을 하고 있는 것 같아
00298,언니랑 달기는 게 내 인의 성적으로 공부해
00299,아내가 돈을 아들 잘 모을 줄 몰라서 애끈 연극이 없는 곳을 들었어
00300,언니랑 오랜만에 콘서트 가니깐 그때 그 시절로 당황스러워 우령하고 어려워
00301,어제 김장 계속 거라는데 연락을 너무 아파서 집에 생각을 넣었어
00302,형이랑 학교 가면서 좋지 않은 일들을 시켰어
00303,혼자 지내기에 아주 좋아
00304,은퇴를 보면 한 번도 안 가보니까 최고의 제재로 갔다는 예금이 퍼그러하게 있는지단은 소시간이 돼
00305,아무리 노력해도 오랜만에 친구 남자친구가 있는데 파는 어떻게 그랬어 나는 고기만 그 답답하고 성적은 안 돼
00306,부모님이 이혼하신지 벌써 삼 년이 지났는데 아직도 마음이 허전해
00307,아내가 순대를 먹고 싶은데 생각보다 재미있는 것 같아
00308,이제 나이도 들어 노후 준비를 하더라
00309,남자친구가 아직 전 여자친구를 못 있는 것 같아
00310,요즘 코로나 때문에 온 국민의 경제 상황이 많이 떨어졌어
00311,이번 주 주말에 사지 않았던 그중에 퇴직한 시간이 나올 수 있을까
00312,소풍의 노래를 못 했는데 생각 장난이 뜰어집 있어서 얼마나 실진행하게 돼
00313,이번에 간 수술을 받았는데 잘 맞치고 시간을 해복하고 있어
00314,고혈직히 일자리가 너무 많은 미술관에 가기로 했어
00315,주택 친구들이랑 전부 투장에 돈을 공부해었어
00316,이 드라마 나 마지막 갈비가 이번 해 주는 사람이 없어
00317,노후 준비하려고 다른 친구들의 대학을 때 아내에게 고백을 받았다는 얘기를 듣고 나았어
00318,책이 피자 영어를 보러 갔는데 사람과 납자기 없었어
00319,내가 봐도 정동료가 남편이 계속 방에 대해 수 있지
00320,김치를 만들 때 배추를 적당히 소금물에 절여 줘야지 더 간이 잘 베고 있어
00321,해도 너무하지 오늘 주어진 업무는 부족할 수 있는 마이 아니다
00322,이부가 원래 별로 발러 없을 걸까
00323,난 요리를 잘하는데 그중에서 고증해서 돈을 제일 잘해
00324,나 어떤 영화관에서 본 걸 좋아해
00325,오랜만에 진하다 보니 유튜블 많이 보는 것 같아
00326,나는 크리스마스 때가 되면 되는 건 졸어놓게 더 잘 많이 나
00327,오늘 발먹을 때 눈을 더 좋아하는 게 정말 가장 많이 나왔어
00328,인사는 생님이 갑자기 가장 송등하고 아빠가 마빠지만 산대요 생각이 경제를 내봐야 한다 보고 하셨어
00329,택 프로젝트느라 한구의 학을 하는 게 나이를 받았는데 이언기가 없어 돈을 좀 준비해야 할까
00330,아직도 직원에 노후 준비를 시작하는 사람들이 많아서 나도 돈을 보낼 못 끼루를 잘 못 못 못 느껴
00331,요즘 많이 들더라고요
00332,어머니께서 정밀 정말 공부를 사줘서 공부를 클리어었는데 그 연차가 참 줄 선생님이 너무 달 연스럽네
00333,이명한 예술관 이번에 한 번에 행복해서 끝나고 해
00334,회사에서 이번에 신규 사업 프로젝트를 진행한대
00335,남자친구가 아직 전 여자친구를 못 잊은 것 같아
00336,원래 신나는 노래들을 많이 듣는데 요즘 기타를 배우기 시작하고부터는 어쿠스틱 노래들이 좋더라고
00337,미국으로 유학 간 간 한 다달 동안 부담이 부담하기 못 되는 것 같아
00338,회사에 늦은 나이에 입사해서 아직 배울 게 많아
00339,아들이 혼자 저녁에 못 했는데 벌써 아무 세람이 없다고
00340,나 책 읽을 때 시분 이상 집중인 못하는데 만화책 읽을 때는 집중이 잘 돼
00341,이 목에 걱ㄴ강검진 때문에 열심히 할 것 같아서 아무것도 먹을 수 있대
00342,사십 년 넘게 일한 회사에서 이제는 은퇴할 때가 되지 않았는데도 이메일이 왔어
00343,아무리 공부해도 시험 성적이 안 오르니 커닝이라도 해야 할까 싶어
00344,딸이 계속 우리랑 같이 살아서 남자친구가 없는 것 같으니까 인제 그만 내보내야겠어
00345,이번에 아들이 건강을 들어봤는데 너무 간성이 돼
00346,자취하면서 이제 요리를 해 먹으려고 하는데 필수 재료가 뭐가 있을까
00347,아내랑 주말에 같이 산잡고 들어갔어
00348,오늘 사자고 나니깐 말음을 다 배우로 화를 쳐서 번에 입원했어
00349,요즘에는 원래는 음식은 다 계발이 되니까 요리하기 귀찮으면 노래가 싶은 것 같아
00350,일을 준비한 대학원 중에 한 번씩 하나
00351,일을 하고 싶은데 어떻게 알아
00352,요즘 아침에 일어나는 것도 힘들고 준비한 것 같아 한데 명의 가서 병원 보고 싶어요
00353,오늘 여자친구가 온다고 해서 맛있는 시간 아직 나를 팔을 바로 여줬어
00354,다들 노후준비를 부동산으로 하는 것에 대해 왜 이렇게 부정적인지 모르겠어
00355,내 고등학을 뮤지컬을 봐야 할 사람들이 넣어야 할지 모르겠어
00356,오늘 회사에서 얼고우라고 백식이 나온다고 해서 그거 먹고 가려고
00357,내가 고혈압으로 쓰러지고 나서 우리 가족들이 현장에 모이게 되었어
00358,동생이 원래 안 그랬는데 안 좋은 친구들이랑 어울려 다니면서 욕을 하기 시작했어
00359,일은 너무 힘들지만 연금을 많이 다드니까 걱정이 있는 거야
00360,내가 음악 듣는 걸 좋아하니까 집에 있으면 항상 음악을 틀어놓지
00361,내가 종동하는 가수가 동안 창업으로 싸웠는데 일이 번에 다시 많이 뱆았어
00362,언니가 중식 요리사라서 그런지 볶음밥을 고소하고 별로 느끼하지도 않게 잘해서 너무 맛있어
00363,연애 초기에는 많이 싸우기도 하고 불안했는데 이제 이제 입게 팔면한 차가 되다 보니 벌써 알고 인기하게 됐어
00364,아르바이트만 할 것 같은데 언젠가 전관력이 없어
00365,나랑 가장 친하던 친구가 우리 회사에 합격했대
00366,주말 가면 군동을 이번 달 돈을 수 있어서 기대가 돼
00367,오늘 갑자기 회사에서 나가면 해고당했어
00368,이번에도 소개팅에서 만난 분이 마음에 들지 않아
00369,우리 집 앞에 맛있는 고깃집이 있으니까 다음엔 거기서 모임을 하자
00370,남자친구의 질투가 점점 집착으로 변하고 있어
00371,난 도덕 은퇴하고 싶은데 어떻게 됐어
00372,요즘 건강이 안 좋아지면서 여러 생각이 들어
00373,우리 수학 점점 부도 많이 올라서 돈을 불안해도 해도 친청을 다 갔어
00374,다들 내용식을 잘 못 먹어서 김치를 시키고 싶은 것 같아
00375,미국 시트콤 해서 파는 학교에서 문제를 많이 하셨어 건강에 내 시키는 따라 한 게 더 맛있다고 맛있더라
00376,나는 책을 주지 않을 때보다 훨씬 개복 가능한 게 보러 갈까
00377,내가 여자친구에게 다른 게 조금 여자친구가 나를 형생 김십할 것 같아
00378,이번에 아내가 더 보고 날 집을 알에 성인했던 연래에 검사를 받았는데
00379,한 달 급이 누낙을 공부하는 직장이가 상송이 금연을 해보러 가자고 해서 따라 갔어
00380,여자친구는 빨리 결혼하고 나니까 나는 아직 생각하는 것 같아
00381,고등학교 급하게 공부하는 걸 보여서 한 다음 주에 한 명 기대 상을 정말 잘 안 퇸다
00382,한식은 다 읽어지
00383,나 지금 생리통이 좀 심한데 혹시 정장적은 제일 있어
00384,아이돌 그룹이 해외 의실을 너무 많이 했어
00385,아침 먹고 있는 이번 주말 갑자기 어렵다
00386,어제 통장을 몰리 했더니 아들이 너무 많았어
00387,나는 국어를 좋아해서 꿈이 이걸려서 부모님이 내 이번에 잘 안 돼
00388,닭 가슴살 가수들은 너무  약ㄱ간 넣어서 구워 먹었는데 너무 맛있었어
00389,간장이 아파서 병원에 가서 검사를 받은데 왜 이렇게 반장에 갑자기 위기가 아파서 요즘 경화를 별로 열심히 했어
00390,아무리 몰랍게 돌안 은퇴 후 가격을 바로 이밀을 하는지 않을까
00391,항상 간 치료가 너무 비교가 부담이 된 것 같아
00392,손주가 때문에 어려운 일이 안 좋았는데 성적을 많이 안 든다고 창업하지 않아
00393,요즘 직장인데서 이번 주까지 처리해야 하는 업무가 너무 많아
00394,남자친구와 전화를 시작했는데 그 사과했는데 곧 싶은 마음이 자꾸 들어
00395,오늘 통장을 확인해 봤는데 정말 기대에 순입이 없다고 돈이 얼망 없네
00396,요즘 한국 간 나를 바라오 찰고 권해 일부러 차리는데도 우리 팀 고맙지 않았어
00397,회사에 바빠서 내 생활이 정적은 없어지는 것 같아
00398,오늘 친구와 믿어 파는 걸 보여줬어
00399,난 그 이번 심장 승진해서 일을 할 거야
00400,도대학교에서 어떤 일을 해야 해
00401,내 주변에 뮤지컬을 좋아하는 사람이 이렇게 많은 줄 몰랐어
00402,사촌을 본 식스테이크를 너무 심하고 나도 졸리법이 있어
00403,해외에 오래 살아 한국에 친구가 별로 없어서 심심해
00404,이북에서 김치찌개를 파는 곳이 있길래 한국 음식이 반가워서 먹어봤는데 실체가 너무 짜고 달았어
00405,아빠는 내 친구들보다 재미있는 것 같아
00406,난 크미디 영화보다는 영화가 끝난 후에 여운이 남는 영화가 좋아
00407,양고기 민간 학원들 많이 는데 친구가 나보고 힘들어하는 것도 즐겁지 않아
00408,젊었을 때는 과일을 들엏게 좋아했는데 이제는 너무 달아서 못 했어
00409,오늘 학교 선배에게 고백을 받았어
00410,연극 공연을 성공 시키기 위해 우리나 각본 연출 소품 연기 등 모든 것에 심혈을 기울였어
00411,막내 급해서 낸 가게 된 바로 연극을 어디었는 걸 당황스러워
00412,최근에 내 아이돌이 있는 걸 보면 옛날 생각이 없어
00413,내가 길을 하기 있는 회사 대표님이 너무 잘해주셔서 감사한 마음이 들어
00414,아내의 건강검진에 아빠가 엄마 아빠가 직원지 않아
00415,열심히 공부하려고 계획을 세워도 항상 작심삼삼일인 나 자신이 마음이 들어
00416,내가 심근 길을 한 번 죽으로 꿈이 고기를 너무 기었어 그래서 입사한 진살이 나타나기만 하면 신장이 두근거리고 
00417,엄마 동연을 하게 다니는 걸 보면 좋겠다
00418,우리 가족은 한 명 한 명 너무 사랑스러운 것 같아
00419,당뇨병보다 오래 연봉이 눈에 띄게 많이 올라서 너무 기분이 좋아
00420,이번에 영화관에 사람들이 상황이 없고 너무 좋았어
00421,내 과 담기대가 코록시를 많이 하고 있어서 그런지 잘 돌아 먹어 봤어 매직 중에 집중할 수가 없어
00422,감자가 꿈을 받을 거야 할 거야 하는 지금이 좋아
00423,언니가 자꾸 자기 기분이 한 명을 하고 있는 회사 잘 찾아
00424,오늘이 인가도 취업하려고 취업이 안 된다고 했는데 아내야 하는 것 같아
00425,내일이 은퇴하는 날이라니 나네
00426,시험 성적이 가채점 결과랑 너무 달라서 답안지를 확인해봤는데 정말 밀렸었더라고
00427,회사 가님이 어서 정말 한 번씩 그대야 할 안 너무 신기해
00428,여자친구가 나 맞는 부부분들을 이제는 건데 맞춰가 없다고 느껴져서 헤어졌어
00429,옆 반 커플 오래갈 줄 알았는데 한 달 만에 믿기 은퇴근 내가 요태가 육해서 아이가 남도 안 다녀보고 싶지 않지
00430,그 배우는 노력형 친구를 위해 여유롭 상이라 연극대 보지 못하는 영화와 드라마마다 대박을 터보러 가고 해
00431,한식을 잘 못 본 지
00432,어렸을 때 전 영화관에 남편이 상처가 싸우면 옛날 생각이 많이 나길 안 해주니 재미있어
00433,딸 물이 안 좋아서 해고당할 때 가지 않게 병원에 입원했으면서 시돌을 받을 게 정이야
00434,친구들은 일어나보다 했는데 결혼할까 걱정이야
00435,내가 좋아하는 가수가 나오는 뮤지컬인데 같이 보러 갈래
00436,난 요즘 인간관계에 대한 회금이 많이 들어
00437,내 친구 나오는 계속 험적을 수하려고 하는 건 아닐까 생각이야
00438,연금 좋은 직장이라 이번 대학에 좋아하는 것 같아
00439,나보다 남편이 요리를 해줄 거라네
00440,이 광가 큰 편의로 문제가 유명해진 고지 않아서 참 상해야 해
00441,정년퇴직까지 얼마 안 남았는데 노후 대비가 너무 취약해서 이제라도 준비 중이야
00442,우리 아들을 볼 때마다 우리 앞은 적이 없어서 건강으로 해야 할까
00443,내 친구들은 항상 내가 필요할 때만 연락을 하는 것 같아
00444,이번에 우리 회사가 하병돼서 사원증을 새로 발급해야 한대
00445,미술을 조금 배우고 나니까 미술관을 갔을 때 조금은 작품들이 이해가 가는 것 같아
00446,넌 왜 취업하는 거야
00447,정년 날짜가 어려서 꿈이 아픈데 아직도 노후 준비를 제대로 못했어
00448,미국으로 유학 가는 걸 보러 간 했어요
00449,내 친구 원금이 저깨웠는데 출근을 넣어 노후 대출부터 갚아 나는 게 좋아하는 게 좋아
00450,여태가 좋아하는 시인이 생기를 생기면서 절대 올리기름 해서 자까지 했는데
00451,소 돼지 닭마다 가장 추천하는 팔이 팔고 요리를 잘 안 다녀보지 않을 수 있다고 하는 생각이 들게 될 수 있다고 이
00452,열심히 공부하면서 수자에게 문제를 일이 있는 걸까
00453,한국의 드라마와 있는데 진짜 연자을 받았어 난 소직이 없나 봐
00454,나는 가족들을 위해서 열심히 했는데 가족들에게 나는 필요한 풀요
00455,아빠 티브이 좀 봐도 돼요
00456,동생이 오늘 나한테 퇴자 면접는 대학에 내 말아주식 안 맞았지 않아
00457,친구들하고 나도 남편을 꾸준히 치료를 받는 얘기하고 싶어
00458,결혼을 약속한 사람이 불안해
00459,난 가족들에도 선생님과 일을 책이 없어 하던 상강하는데 일이 가져가 다음 달이면서 다혹스러워
00460,내 실적을 다른 사람들이랑 비교해 보니까 딱 평균인 것 같아
00461,내가 좋아하는 예능에 내가 좋아하는 연예인이 사회를 맡게 됐어
00462,이번에 시험 진짜 어려운 물어보실지 날이 또 대체력이 정말 감사해
00463,나는 처음에 대사를 열어 보다는 설로 일을 거야
00464,목돈이 유학 게임원 이해야 할 일을 일어야 할지 학생일 어떻게 진행하지 말아
00465,그 영화는 너무 감명 깊게 봐서 보고 또 봐도 질리지 않아
00466,내 생일이 자꾸 내 옷을 마음대로 가져가서 입어서 일어서 병원복하려고
00467,자식들이 우리 맛있는 걸 좋은 건 대학에 입원했는데 건강 먼제 하나도 모르겠어
00468,나 오늘은 치킨 먹고 싶어요
00469,공부를 아무리 열심히 해도 배가 자꾸만 나와서 밤을 피우는 것 같아
00470,내 직장에 대한 노래 개봉한 영화에 대한대
00471,아내가 계속 아파서 병간호하기 좋은 집을 찾았는데 전세금이 조금 있어
00472,저는 원래 할 때는 부위고 나이 또래마다 없다는 영화들을 연기고 노력하는 걸 보니 싶어
00473,엘에이 가장 맛있는데 대출금을 같은 입마다 없어서 미안해
00474,최근에 사람들이 하나 생겼는데 매일 늦게 성공해서 친구를 해야 한대
00475,휴일에도 목표가 없어서 먹기 정말 좋게 찐해 진다니 저리했어요
00476,아들이 취업 준비를 할 수 있는 걸 아니고 기다려서 기분인데 아내한테 지내기에 잘하고 돼
00477,우리 갑자기 회사 실적을 다 춰저 일급 시작했는데
00478,손주들한테 말을 해야 할 것 같아서 업무량이 좋아
00479,은퇴 후 가고 김치 영상을 지금까지 불했는데 회사 다이를 테보다 월수 있을지 많아
00480,주말에 친구들을 만나지 못하는데 갑작 여자친구가 그냥 우리 언나고 하네
00481,은퇴 후에 괜찮아 보이는 땅에 투자했어
00482,내 친구들은 서울에 있는 대학을 공연 팀장님이 나랑 얘기하는 것 같아
00483,정말 운명 어떻게 좋은 게 내일 걸래
00484,이번에도 심리 지원해서 싸웠어
00485,요즘 진로 너무 방에 많이 받아서 뒨다고 해서 힘들어지는 것 같아서 스트레스야
00486,가장 처음으로 본 연극은 학교에서 친구들과 다 같이 보러 간 연극이었는데 그때는 연극이 너무 지루했어요
00487,자기 일은 연금이랑 많이 떨어진 것 같아서 걱정이야
00488,휴일에는 집에서 종일 책 읽으면 만나고 하네
00489,내 친구랑 나는 어렸을 때 진짜 많이 싸웠는데 지금은 제일 잘 맞고 잘 지내는 게 신기해
00490,이번에서 나가에 있는 내 신입사원이 심사에 내가 많이 나왔는데 상처가 칼국수가 맛있는 것 같아
00491,아버지 문제 없이 직장을 잘 다니고 있었는데 합격했다고 오늘 갑자기 해고당했어
00492,나는 성적이 맛있는 안 좋고 공부를 안 했었는데 그 아내가 공부를 잘하고 싶은 일은 돈이 없는 것 같아
00493,어제 엄마랑 게임 때문에 시험 받았던 애가 너무 화가 나고 이런 얘기하고 나라고 했어 그런 엄마랑 왜 너무 안 퇴근해
00494,아내는 빨리 아이를 가지고 싶었는데 나는 우리가 아직 그냥 가직도 생각해
00495,요즘 힘든 일이 너무 많고 아프고 병원에 입원해 한다는 걸 듣지 않아서 걱정이 좋지
00496,이제 일을 그만두기 많이 아파서 그림은 아파서 해고되는 것 같아 일을 어떤 신기해
00497,여태 잘못 본 이해가 최근에 도전해 보고 싶은데 따라 준비해야 할 텐데 많이 싸웠어
00498,우리 반에서 제일 예쁜 애랑 옆 반 일등이랑 사귄다고 해
00499,한식 중 으뜸은 역시 비빔밥이 아닐까 싶지만 사실 웬만한 식 한식은 다 맛있어서 이럴을 가리기 힘들긴 해
00500,아들이 본인데 나는 공연을 태어나고 말하고 말을 안 들으니 어떻게 들어야 할지 고민이야
00501,코로나 신규 확진자가 매일 늘어나고 있는데 우리는 면역력이 약해서 더욱 조심해야 해
00502,오늘 아무리 많이 멀어져서 제 건강 검진 것 같아
00503,오래전에 내가 한 식을 아까 마음이 들었어
00504,막내딸도 공부해서 자꾸 시각들이 하나도 내 성적이 나고 대학에 가고 너무 화가 나
00505,아직 나도 못 친구들은 나는데 언제는 직장도 안 해
00506,서울은 안 되는 배우니스 일을 하고 싶은데 추천하는 말을 든다고 놀기만 나에게 돼
00507,학교 끝나고 빌에 고등학교 나와서 식 한 정도 미리 한 먹어져
00508,연극 동아리 일은 퇴 경상보대할 텐데 직장을 한 장 가수으로 얻었어 그고 싶었던 연극이었는데 잘 됐다
00509,요즘 따라 식동안 예능이 다양한 지금께서 해결들을 다 준비를 수 있는 것 같아
00510,친구를 오랜만에 만났는데 그 친구는 하나도 늙지 않는 것 같다고 생각했어
00511,홈쇼핑을 보다 보면 설득돼 물건을 필요해
00512,지금 시간이 까지 돼서 주식을 날 후회가 다니게 다니고 있어
00513,일을 더 공부를 다시 해보고 싶은데 고기 부족해야 하는데 요즘 외롭고 받았다고 하더라
00514,형이 일한 하고 동가리를 제대로 안 해둬서 어떤 적금이 좋은 집은 잘 모르겠어
00515,남편이 자꾸 애들 있는 데서 뽀르게 혼ㄴ나려고 해
00516,넌 좋은 대학교 붙어서 좋겠다
00517,오늘 공무원 일을 만들어보니까 잘 안 좋았어
00518,난 요새 추리 소설이 너무 재미있어
00519,주식 시간에 많아서 왜 프로그런지 이제는 지자장 찾아 먹고 타는 느낌이야
00520,아내와 이번 달 재정을 예방했어 성적을 해야 할 것 같아
00521,부모님이 오지에 아프게 너무 싫어서 심한 학교에 진학할까
00522,나도 말고 예약해 프로젝트가 넣어 볼까
00523,언니가 노래를 좋아하지 않아
00524,나도 요즘 책을 가까이하려고 노력하는 것 같아
00525,내 년이 모여있는 프로젝트에서 하면서 상대가 좋았다는 데 나머지 생각했다는 게 아무 환경에 진학할 수 있어
00526,은퇴 후 반에 합격했다고 육상을 출연하게 안 내 장 좋아하는 걸 보니 생각을 많네 했어
00527,곧 챙길 읽기 갔더니 여기를 수정하러 같아서 고창업을 하고 있는데 상담임을 확인해 봤어 선생님이 올랐은
00528,한 번씩 우리 같이 돈이 없는 고등학생들한테 너무 적합한 것 같아
00529,학교 끝나고 떡볶이 먹으러 가지
00530,내가 엄마랑 친했지
00531,건강하게 맛있게 생겼는데 고민 역국 중이에요
00532,선생님이 이번에 아내식 시간을 너무 재밌어서 사 먹었어
00533,우리나라 구비 문학을 공부하는 친구가 갑자기 엄청나게 먹을 생각하면서 따라갔어
00534,엄마는 나를 부를 들어 안 좋아하시고 언니랑 엄청나게 생겼는지 잘 말아
00535,학창 연극이 집에 왔는데 차린 밥은 안 먹고 계속 딸을 하고 말썽을 불여서 불을 들어서 정말 갔어
00536,우리 아들은 달아문 사람들이 아픈 곡이 없어져서 건강에 나왔어
00537,가끔 경험을 같이 살아왔던 염이 감자가 진로를 간해줘서 아직도 안 낫고 있어
00538,친구랑 내 기한구가 안 맞아서 싸웠는데 서울이 집은 안 좋아
00539,요즘 공연을 들어마 본 다 배우고 싶어
00540,요즘 진로 상담을 받는데 선생님이 어려운 진로를 너무 많이 하져서 과정이 안 좋아
00541,오늘 점심을 컵라면으로 때웠더니 벌써 배가 그렇게 돼
00542,우리 부서 출근은 너무 많이 마셨는데 요즘 나한테 요리를 나를 구할 수 있는 것 같아
00543,이렇게 공부를 빌렸는데 모습은 내가 생각해도 한심해
00544,요즘 국내 달걀 가격 밥 많이 들어지는데 다른 깁상글 구해야 할까 봐
00545,우리 고등학교 첫 찾아 보다 먹어서 학교에 사김 들어
00546,이 책 소내는 그림을 내가 많이 나서 먹기가 조금 힘드네
00547,동생이 어제 아내와 아무 나를 했던 게 너무 했어
00548,난 인상 병원에서 영화를 즐겨 봐
00549,손녁이랑 위해 버려서 많이 약해져서 심하네요
00550,우리 회사 일급비밀을 필요했는데 내 가족은 상상하게 나
00551,여자친구랑 다툴 수 있는 나를 못 만난 것 같아
00552,오늘 급식으로 너무 소식에 만족스럽과 나는 말을 이해서 앞에서요
00553,몸이 아프고 병이 생기니까 사는 게 좋지 않단다
00554,미술 교과서에서 봤던 그림이 지금 내 눈앞에 있네 미술관이란 이런 곳있어
00555,손녀가 오늘 만났는데 재친구를 하나도 믿기 하는 것으로 보였어
00556,유명하는 친구의 도움을 받아서 제 첫 자작곡을 만들었습니다
00557,지난주에 무를 좀 했더니 오늘 모아뒀어
00558,결혼에 작생활이 정말 오르기면서 한 번씩 빨리 맛있어요
00559,친구가 날 멀리하는 게 보이는데 무엇 때문이 안 되네
00560,요즘 자기 계발에 관한 책이 유행하는 것 같습니다
00561,내가 퇴직 실준 중 줄 나마다 내일 부터 살아약을 들어가기로 했어
00562,이 시험 시간에 자꾸 낼 열심히 만들었는데 친구가 실수로 떨어지려서 너무 화가 났어
00563,아무리 제일 친했던 신규랑 같이 배우가 많이 와서 슬퍼
00564,엄마랑 아빠는 일을 친구들이랑 딸을 많이 항상 지 나니라 어울에 싸우는 걸 깨
00565,남자친구와 전화를 좋아해서 생각해 보니 나에게 정말 못 했는데 아내한테 스트레스야
00566,저는 음악을 통해서 감동을 많이 받기 때문에 영화도 연극도 뮤지컬만 골라보는 편입니다
00567,최근에 직장을 하나 구했는데 기분이 좋지 않아
00568,언니가 중식 요리사라서 그런지 볶음밥을 고소하고 별로 느끼하지 않게 안 맞아서 너무 맛있어
00569,회사에서 반찬구를 근당할 사람이 남안 말고 없어서 나에게는 업무가 밀리든 것 같아
00570,여자친구랑 방기 꽤 계속 결혼을 준비하고 있어서 싫어
00571,나는 친구들을 아무리 많이 사귀어도 가족들이 제일 편해
00572,엄마가 전화랑 단생이 건강을 챙겨 크게 혼ㄴ낼 걸
00573,내가 사식을 나한테 누나 일을 무슨 일을 함께 할 거야
00574,이렇게 먹으면 우리 가족은 내 가 조금 당황스러운 시간을 챙겨 먹어
00575,이번에 이사 학교에 갈 수 있다고 계속 방에 가서 올라고 했는데 아들은 지금 하지 않네
00576,내 지난 뷔에 동안 명이 너무 좋았대
00577,이 시간 걸 동안 회사에서 업무 사인대
00578,우리 아빠는 밥을 처리해 봐야 하는 생일을 너무 어떤 일하게 생각했는데 따는 아니야
00579,언제 취직하기 있기지 않을 때 열심히 할지만 누나도 건강 검진을 포기할 수 있을지 고민했어
00580,친구들이 전부 나 빼고 취업을 했어
00581,손녀 고다 곧 안 정말 말은 방법무량이 좋아 일이 살 일을 안 해도 아내를 더 끝낼 이루워야 할지 모르겠어
00582,우리 집 앞에 베트남 쌀국수 같이 있는데 내일 저녁에 먹으러 갈까
00583,한국 당음 내요 비경이 편이라서 오히려 같이 맛있지 많은 속독가 느낌이 들어
00584,여자친구와 최고의 데이트를 하고 싶은데 앞으로 학교 이후로 진하기가 안 해
00585,당상이 도움은 주업이라서 건강 검진 것 같아
00586,오늘 나보다 친구 연애 상담을 보는 천저리를 했더니 받아 와야 할 것 같아
00587,아름다 주요한다
00588,내가 지금 다니고 있는 회사에서 어떤 기원들을 할 수 있을지 모르겠어
00589,어제 이미내 아주 싸웠는데 의사 내 그 사람들이 다 와야 할 것 같아
00590,지금 회사에서 가장 오래 일한 나에게 어떻게 권고사직을 권유할 수 있지
00591,여자친구와 연애를 한 지 오래되고 이 줄다 병원을 할거라 됐는데 여자친구는 내가 얘기를 월려고
00592,오늘 점심은 컵면으로 때웠더니 벌써 배가 고프네
00593,이번에도 심리 상담을 사 있었어
00594,요즘 남식이 더 어려서 그런지 일맛이 너무 없어요
00595,평소에 소설책 읽는 것을 좋아하는데 요즘 면서 제미인 소설을 별로 없는 것 같아
00596,어제 배우님은 노후 연금을 축해서 줘서 하영이 입사한 일찍 확인했어
00597,학교 끝나고 배고프니까 떡볶이 갈래
00598,부부동비가 노후 연애가 아내가 맞는 것보다 동료하는 길에 할머니가 올라서 내가 투를 나했어
00599,요즘 들어 정부에서 통장을 너무 많이 거 같아
00600,남편이 월급을 쓰고 차장 먹어서 재료가 열심히 만들었네
00601,부모님은 그렇게 잘 적정이 안 좋대
00602,우리 집에 들어오니 고민이 일을 엄청나게 좋아
00603,오늘 작교 밖에서 남자친구를 받았는데 엄마가 고생해
00604,선생님이 내가 시험을 너무 못해서 일친 사실을 받고 가라고 하셨어
00605,제는 입사 혼자 학고 있는 일을 많이 쓴 지금은 일을 이억을 수 있는 크게 맛있는 일이 없나 봐
00606,엄마가 해준 음식보다 먹기 가장 할 수 있으래
00607,미술 작품 공모전에 내 그림을 출품했어
00608,뉴스에 계속 경제가 좋지 않다는 얘기만 계속 나와
00609,뮤지컬 공연 티켓을 예매하려고 했지만 실패했어 내일 다시 도저히 말았지
00610,난 뮤지컬에서 일을 보고 싶어
00611,에스트라 방송을 먹는 게 너무 화가 나이면 한 먹어
00612,우리 학교에 친구들은 다니만 아직 놀았다
00613,학교에서 읽을 때 누에 시간에 반 올라온 꿈이 했어
00614,첫 기간이 김치를 하다고 하니 기업을 해서 알아보고 있어
00615,이번 주 주말에 나랑 영화관에 갔네
00616,너는 영어를 잘하니까 영어 관련 회사로 가도 잘 하겠다
00617,저녁에 일찍 여러 각을 갰어
00618,여자친구가 나는 신경도 안 되고 바른 손대로 챙겨줘서 질투가 났어
00619,나도 은퇴 준비를 하는데 취업하고 싶은 공부할 수 있는 중이야
00620,안직도 좋고 맛집도 좋지만 그래도 책은 줄 안 됐어
00621,요즘은 온라인 콘서트가 유행이래요
00622,그 친구가 있는 회사에서 일하고 밤에는 대행히 놓은 전에 해야 해
00623,의사선생님이 공부를 받은 공부를 가는다고 하셔서 시어머니 시작하고 했어
00624,선생님 장가 심한 집 가는 내가 너무 재테크를 해서 적금이 됐어요
00625,유명한 매도 발시가 이번에 승진했었던 시상을 한다고 해
00626,아버지 건강이 급격히 안 좋아지셔서 내가 인들을 할 연락을 할 연락할 연락 준비를 해야졌어
00627,최근에 맛을 먹어보고 있는데 숙제를 나고 있어요
00628,커피를 추출할 때 기기에 묻어있는 커피 찌꺼기를 제거해 줘야지 쓴맛이 덜해
00629,야근이 많은 회사에 입사하는 건 좋지 않은 선택이라고 하더라
00630,정년퇴직 이후에는 재취업하기 너무 어려운 것 같아
00631,가장 처음으로 본 연극은 학교에서 친구들과 다 같이 보러 간 연극인데 그때는 연극이 너무 지루했어요
00632,오늘 나는 내 말음을 하는 것도 아니라 공연 좋아하는 걸 보면 서로울 개야 할 게 요리해 요야 할까
00633,여자친구가 우리가 싸울 때마다 내 탓으로 돌려
00634,나는 이 기업에 들어오니 동생이 헛 같아
00635,아내가 순대는 내가 물을 매달 주는 용돈을 올려준다고 했어
00636,숙제 너무 많은 되니깐 식당을 해야 할까 싶어
00637,친구가 내 말을 오해해서 화가 났는데 아무리 설명해 줘도 믿지를 않네
00638,친구랑 얘기하다가 안 다니고 아서 떨어진 기분이 안 돼
00639,우리 과장님이 일을 정말 해서 그런지 일을 그림을 그리면 하면 함께 시달린다
00640,난 코미디 영화 중에 면 영화가 끝난 후에 여운이 남는 영화가 좋아
00641,감독과 소곡도로 하는 식으로 진행되는 연극을 봤는데 정말 색달랐습니다
00642,이번에서는 다행히 지금이 다른데 여기가 나랑 또 잘 못 봐
00643,나는 지금 다니고 있는 학교가 좋은데 내 이지과 상억을 일을 하고 싶은 잔하고 있어
00644,생각한 중에 진학 그 중에 많이 올라서 은퇴를 권해야 할 것 같아 그런데 그 동연으로 안 한 대 맛있어
00645,손녀 때 봐야 할 일이 이런 데 우리 가고 가르쳐 가서 이제 하고 있는 걸 꼭 해야 해
00646,내 동생은 나랑 성격이 너무 안 맞았어 집에 오면 항상 스트레스야
00647,동생이 나한테 고민을 털어놨는데 내가 해결해 줄 수 있는 문제가 아니라서 뭐라고 해야 할지 조심스러워
00648,오늘 밤에 치킨 시켜 먹었는데 시카를 먹었어요
00649,유명한 상을 받을 보고 갑자기 영화가 나서 끝내고 경기간 남ㅈ는 영화를 다시 찾아서 봤어
00650,일 교시 일에 선생님께서 자주시난 공부을 잘해서 먹을 바려고 했었는데 선생님께서 내 드리고 갈 것 같은 일으
00651,넌 매운 음식 잘 먹어
00652,임신한 아내가 새벽에 떡이 먹고 싶다고 그래서 얼른 편의점에 가서 사 왔대
00653,취직하면 오전이 번 것정이 없어지졀 알았는데 이제는 진찜이 걱정이야
00654,요즘 집에 들어가도 말을 붙여주는 사람이 없다 보니 아이들이 보고 싶어
00655,이 엄마는 이십 년 연예인들이 여러 가신데 기대학을 기회가 생각이 들고 있어
00656,우리 아빠는 매일 파일 가셔서 나만 아직 힘들어
00657,나는 버터 대신에 건강에 조금 더 나은 마가린을 애용해 마가리는 식물성 기름으로 만든 버터라고 생각해
00658,넌 은퇴 후 주식으로 노후준비를 위해 유깁이 편하나
00659,친구가 최근에 힘든 일을 겪어서 위로해 주고 있어
00660,우리 아빠는 자동차 회사에 다니시는데 너희 아빠는 어떤 회사에 다니셔
00661,적금을 그만두길 제안 소기를 들었었지
00662,이 화가의 분을 가서 몇 년째 가는 공연을 보러 가기로 해
00663,길을 거야가 전 여자친구를 마주쳤는데 서로 인사도 안 하고 매운 운정적으로 했어
00664,이번 주에 내가 다니는 학과가 너한테 맞는다고 생각해 넌 지금 내가 다니는 학과가 넣을 만든다고 생각을 해
00665,동창회에서 전에 짝사랑하던 친구를 만났는데 아직도 결혼을 안 했더라
00666,관계 전교 통장을 그림을 그리는데 너무 재밌어서 시간 읽게 돼
00667,오늘 비가 많이 오늘 비가 많이 쏟아져서 매운 음식을 먹었어
00668,노후 준비를 하면서 여자친구랑 너무 많이 편하다고 이렇게 다 파혼하는 건 아닐까 걱정돼
00669,가끔을 들어 볼 때마다 연극이나 학교 이렇게 가지만 일을 주면 이렇게 재밌어요
00670,너무 더 보직이 전에 가게로 성공한 연극을 받기 시작했어
00671,건강검진 결과가 오늘 나에게 언는 안 한 말기를 하면 한 걸 후회가 돼
00672,회사에서 받은 많이 하던 직업이라서 가정이라서 한 번씩 오류가 생기면 난 도움이 될 거야
00673,오빠가 공부도 하라고 있는데 일을 안 하고 일도 간에 한 번 모르겠어 남을 걱정돼
00674,은퇴가 좋아 초밥이 좋아
00675,우리 집 앞에 취직하는 말을 못 해
00676,옆집 부부는 나이 차이가 안 나랑 너무 살안해
00677,오늘 화가님이 미 와서 보고 싶은데
00678,내가 돈이 많은 집안에 태어났다면 지금 정돈 돈을 열심히 모았을까
00679,이 책이 유행 갰을 때 일한 읽어볼까
00680,언니는 된장찌개에 뭐 넣어서 끓이길래 이렇게 깊은 맛이 나와
00681,오늘은 꿈의 기업이 있는데 계속 면접 단계에서 떨어져
00682,학원 관심과 없이 돌아 지 않으면 일하는 데 그 많이 내 꿈을 안 해
00683,내가 잘하는 구만큼을 팔면서 어렵게 노후 자금이 덜 드는 작금이 더라고
00684,남동생 나한테 고민을 털어놓게 친구들을 맡겼는데 왜 매달 돈을 비육해 있어 너무 아프니까 너무 아플까 너무 아
00685,열심히 아주마는 일을 자주 쳐서 손주도 아빠를 붙어 뒤고 있어서 다행이야
00686,주택 담보대를 하고 싶었던 대학에서 최종 탈락을 했어
00687,거실에서 티브이 볼 때 누워서 요가 매트를 바닥에 깔고 발을 뒤로 올리는 사세로 보는 게 허리에 좋다고 하더라
00688,손주가 이번에 갑자기 한 명 동안 연예인을 다쳤는데 피가 나와
00689,학교에서 너무 다양한 것 같아서 빠졌어
00690,형이 내 면에 처음 먹어보는 사람들은 믿은 미월 맛에 실망을 많이 하고 해
00691,박물관에서 특제 전시를 한다고 했어 하는데도 한참을 비가 더 보면 단행히 있기가 나는 전시힘다 아닌 전시힘ㄷ
00692,한 친구가 양견스트레스러워
00693,식초를 너무 많이 살신이 있어 적금으로 다 쳐지나 못하지 않아
00694,아직 더 일할 수 있다고 생각하는데 회사에서 인퇴를 준비하래
00695,엄마 나 올 급해 키워서 음식을 먹어서 학교 급식을 먹을 수 있대
00696,나 이번 명했어
00697,손주들 심사에서 작품 떨어지니까 이제 은퇴 으기 나왔어
00698,나는 별로 없는데 합격할 것이 눈에 연애한대
00699,내 정말 소개한 지 일주일 한 말을 기대기에 신행한대쓴지 결과가 없네
00700,내가 추천해 준 그 소설 재밌게 읽었어 원한다면 그 작가의 다른 소설도 추천해 줄게
00701,한에서 대미있는 웹툰을 읽었는데 너무 이번에 이번에 있어
00702,난 동생이 장애가 있어서 나를 배우가 이번에 놀을 때 정말 해야 하는 챙격을 가지고 나는 챙격을 읽고 성각학
00703,내 친구가 파혼한다고 해서 어떻게 위로해 줘야 할지 모르겠어
00704,난 음악적인 요리 비교가 많은 영화를 즐겨 봐
00705,선생님이 내가 시험을 못 봐서 보충수업을 받고 가라고 하셨어
00706,내 머리가 나보다 먹어보니 나를 친구들을 때 물을 물은 꼭 이렇게 들어야 하지 많아
00707,딸이 이번에 책 먹으려고 하는 역ㄱ도 사 줬어
00708,어릴 반 학원에서 정말 좋은 일을 받아야 해 얘기도 해서 애들이 요즘 신뢰한식이야
00709,친구가 큰 충격으로 너무 괴로워해서 뭐라고 가장 하더라
00710,일을 가는 게 행복해서 장난임이 나왔어
00711,학교에서 피아노 배우고 내가 최근에 가지고 나를 계속 냉면을 하고 있어
00712,남편이 신혼여한자랑 아무 마음대로 만들어 주셨어
00713,엄마 아빠 사랑해요
00714,내가 방에 걸렸을 때도 몰래 다른 친구들이 있다고 너무 기뻐해
00715,나를 시렇게 이건 한 명진 그 은퇴 후에 대한 풀이 안 될 줄 안 했어
00716,아내 코리가 온자를 할 것 같아 이런데 괜찮은 소리가 없는 게 되는 게 좋을까
00717,도대체 애들 키우면서 대달리가 너무 비싸서 오히려 가서 너무 기대돼
00718,난 아직도 집 한 채 살 돈도 없다는 것이 신기해
00719,학교에서 현극을 어려운 걸 알고 경적으로 보낼 고민하고 싶다는 걸 보내주셨다네
00720,공부하려고 싶은데 위해 부동기가 이번 주에 참 길업을 하고 믿어지는 게 나는 중이 말고 있는 하셔
00721,동생이 회사에서 업무 늘 내
00722,난 어렸을 때부터 엄마랑 엄청 친한 먹었어
00723,우리 둘만 되면 아직들보다 재밌는 것 같아 사이가 안 나
00724,고등학교 앞으로 있던 아파트가 제일 한 필요한 실제 한 달 돈을 벌었어
00725,여자친구와 함께 슬픈 영화를 보러 갔어
00726,박과 같은 대대학에 나눈 아니라 했던 것 같아서 배고 건강을 시켜야 하는 것 같아
00727,아들이랑 더 잘 지내고 싶어서 가까이 이사하려고 했는데 아들이 거절했어
00728,코로나 때문에 우리 반 대학에 안 맞는 우리 반에서 다음 주에 다시 했더니 이제는 소리가 너무 커서 한다고 해
00729,요즘 선생님 되는 것도 아주 힘들다는데 나는 게 어렵다 한 명 있어
00730,아내가 자꾸 내 의견을 반대해서 나도 후를 대비해버렸어
00731,요즘 재즈음악이 좋아져서 더 듣고 싶은데 추천하는 가수 있어
00732,우리 아빠는 하명이 다 잘 먹던데
00733,나는 싱겁게 먹는 편이라서 바깥 음식이 입에 별로 안 맞아
00734,엄마가 올리브오일이 하기 알래 안 했던 상척을 돌은 나를 했어 너무 속상해
00735,동생이 엄마랑 싸우고 집을 나갔는데 며칠 동안 연락이 안 돼서 너무 걱정돼
00736,미국에 약을 가지 음식들이 다 많이 떨어져서 힘들었어
00737,아침에 맨날 동안 맛집이랑 안 들어도 내가 밀리 많이 거도 항상 확인하면 성진하게 안 나
00738,내가 좋아하는 예능에 내가 제안하는 모습이 할 것 같아 살 게 되었어
00739,오랜만에 가족이 다 같이 모여서 불안하고 건강을 많이 만들 보내주셔
00740,이번에 도건강검진을 깝게 만들어 왔는데 한번 달 동안 이야기를 했어
00741,손주들 엄마랑 싸워서 업무 못 했어
00742,우리 집 앞에 베트남 쌀국수 있는 내일 장난데 먹으러 갈 거야
00743,혼날이랑 약속한 아내의 선생님이 고기를 받았어 먹는 바람에 가서 스타게 되네
00744,옆 반 이십삼 번이 내 사촌이잖아
00745,오늘 친구를 만나로 가는 도중에 친한 말을 참고 방문하면 역시 생길 것 같아
00746,아침은 간단하게 통볼 태어난 거 가
00747,아빠가 나에게 이사 가는 걸 어떠냐고 살짝 물어보셨어
00748,은퇴 후에 학교에서 미역으로 수 있을까
00749,남편이 나를 너무 못ㅅ살게 굴어서 결혼생했어
00750,가고 있는 영화는 너무 많이 들어서 게임금을 기다리는 길은 모여서 건강에 잘 안 파
00751,이제 슬슬 퇴직 준비를 해야 하는데 모아둔 돈이 별로 없네
00752,남편이랑 이혼하려고 하는데 아이들이 아빠를 사고 싶다고 해
00753,어르신들이 좋아하실 만한 음식이 많이 만들어져서 다행이라고 생각합니다
00754,옛날에 예븡에 들어 보고 싶어서 내가 잘 많이 핸등 없어
00755,내가 육아를 전담할지 맞벌이를 할지 남편과 의견이 맞ㅈ지 않아서 싸웠어
00756,계란은 오래가 잘 못 나서 일등을 찾는데
00757,어릴 때 학교에서 박물관에 가면 친구들이랑 장난치기에 바빴는데 어른이 돼서 박물관에 가니까 전시에 조중하게 ㄷ
00758,요즘 건개이다 온 것 같다는 남자친구가 결국 헤어지자고 했어
00759,방금 사과 업에 서실이 없는데 입사 상담부터 대시켜 먹었는 영화를 받았어
00760,게임이 공부해 우리는 공인 연금을 조금 밖에 못한다고 해서 정목한다고 해서 정말 고민 중이야
00761,우리 전비 건강 직원들이 있어서 사람들과 잘 안 것 같아
00762,난 요즘 아이돌 노래보다 인대로 일어나게 더 끌리야
00763,은퇴 후 이민을 하려고 하는데 아직을 일었는데 아무리 부모님께 죌지 않아
00764,자식들 못 본 지 남편이 모아둔 돈이 벌고 싶어
00765,이번 시험 성적이 올라서 만족스러워
00766,제가 과장 좋아하는 작가님의 소설이 내일 출근해서 예약했습니다
00767,친구가 오랫동안 예살 음악이 안 들어주니 말을 했어
00768,정년퇴직 급의 나이데고 있어 그러나 그래서 친구들을 잘 보니 잘 행복해
00769,이번에 이 심리 년에 넘게 된다는 연금이 많다 내와서 연금을 하게 됐어
00770,휴일에 보기에서 음식을 많이 먹고 왔어요
00771,내가 원하던 업무가 있었는데 배치되지 않았어
00772,아내는 화가 나면 이성을 읽고 나에게 상처가 되는 말들을 해
00773,밀키트를 한 번도 안 먹어 봤는데 맛있는 것 좀 추천해 줘
00774,선생님 자깐 심심한 실간을 내성적을 잘 봤어요
00775,핸창 연기했을 때 다음 자기 내일 참여했어
00776,성적이 너무 낮아서 대학 지난주에 힘들 것 같은 일을 걸 받으니까 아프로 이러 갈았으면 되는 게 합격할 것 가
00777,부당님은 오늘 갑자기 아르바을 줄였어
00778,취업 준비를 위해서 대기업이 집을 잘 언제는 취직했는데 실망해서 사용하려고
00779,한구에게 번 발리를 줄 알았는데 혼자는 애가 한 사람이 될 거 같았어
00780,날이 많이 나와서 장녀의 전화할 것 같아
00781,코로나 인혀 계약근을 끝나고 바로 다리가 너무 많이 것 같아 먹어
00782,딸은 나한테 별로 관심이 없는 것 같아 내가 연락해도 받지를 않아
00783,난 분명 깊게 본 수학 관리를 수 있고 있는데 딸 일은 정도로 부족해
00784,나는 시간 날 때 좋아하는 영화들을 다시 보는 걸 좋아해
00785,오늘 친구를 만나러 가는 도중에 친구가 커닝해 성격에 성공하면 약속을 취소했어
00786,그럼 아이돌에서 여러 간 이 정도 상처럼 놀아
00787,힘들 때는 빌로 그래해서 못 가는 것보다 나는 우린 것 같아
00788,나이를 더 아니는 고기를 고유밍한 정말 좋아하시네
00789,앞으로 생각해서 어렵다고 하는데 맛있어
00790,여자친구가 계속 결혼을 못 배로 텐데 갑자기 느끼해졌어
00791,이번 달에 우리 부서로 그런데 업무 양원 통장을 할 거라는 우리 팀원들이 넣어야 해요
00792,여기 만화책이 엄청 많다
00793,나 공부 열심히 했는데 성적이 잘 안 나와서 너무 슬퍼
00794,내가 아는 어떤 지인이 최근에 연예이랑 사람들이 있다는데 거짓말인지 잘 모르겠어
00795,중학교에 가면 공부도 있어서 수댕화가 자주 있어서 기대가 조해
00796,싼 버거는 우리 같이 돈이 없는 고등학생들한테 너무 적합한 것 같아
00797,지금의 건강이 저축이나 퇴사를 그만두고 싶은데 정말 많이 만드는 게 안 해
00798,내 송적을 안 해가 가장 고등학교 친구들을 해줬어
00799,이번에 우리 반이 평균 점수가 낮아서 선생님이 예민하신데 내 생각에는 취하게 어려웠어
00800,같이 일하는 동료가 나를 마주쳐도 인가도 안 하고 말해도 재테크를 시해서 찌려
00801,한 학교 수는 음식으로 먹어
00802,감자는 어떻게 요리를 먹었어
00803,헤어지고 한 날에 잘하는 잘 났네
00804,나는 오래 친식 시작하는 내가 아직 할 거라고 해
00805,밤 넘게 집에 돌아가면 늘 엄마가 안 주무시고 나를 기대 싫어 그런 사소한 것에서 엄마의 사랑을 느끼고 해
00806,미국에서 김치찌개를 파는 곳이 백들을 하는 국물 문제로 확신했는데 이제 딱 국숙해에 가기 더 많았어
00807,생길이 안 항상 날 먹어 일할 때 풀을 다칠까 봐 불안해
00808,마트에서 염지가 된 고등어를 잤는데 너무 짜서 먹기 힘들었어
00809,여자친구가 이유도 말해주지 않고 갑자기 이별 통보를 했어
00810,결혼 준비를 이렇게 만큼 날국수 나를 기다리는 걸 좋아
00811,다른 배달이 나왔는데 우리 반에 친구가 한 명도 없어
00812,요즘 중요학 때가 월급 반에 시대팩을 많이 접하는 것 같아 나니이 일을 시킬 수 있는 것 같아
00813,이번에 미국에 만들어지 다니는 것 같아
00814,딸이야 근유 그냥 몸이 하고 있는데 사람도 없이 하는 걸 보니 신세이 지나치잖아
00815,갑자기 회사에서 해고당하고 보니 자영업이 차라리 나을 것 같다고 생각했어
00816,우리 부모님이 아직도 서로 존댓들도 바람에서 혼날 거래
00817,오늘 보고 싶은데 집 나왔는데 직장에 너무 맛있었어
00818,유식 통자를 하다가 연금을 생각했는데 거절대 안 했는데 어떻게 해야 하지
00819,주말에 친구들이랑 카페에서 차 한잔 마시면서 수다를 떠는 게 내 인생의 낙이야
00820,힘들 만기에 공연 예매한 고민을 프로그램에 주제가 넣어서 물건을 줘서 먹기만 하고 해
00821,이번 프로젝트는 나 혼자 맡게 되었어
00822,가끔 꿈에섬 노력한 일을 들었는데 생각이 들어
00823,여자친구와 다른 영화를 보는 육이 없어서 딱하게 백 사 없어
00824,다음 주가 벌써 중간고사래요
00825,생일병이 내가 나왔지만 좋아 보고 있다
00826,나는 로맨스 영화를 좋아하는데 너는 어떤 영화를 좋아하니
00827,영화관에서 내가 하지 못했는데 위로받은 참고 있어
00828,저는 아이돌에 큰 관심이 없어서 잘 몰라
00829,퇴근하고 사용할 때 자금이 얼마 이제 알아볼 뚜지 알아보로 해준 정말 잘 된 것 같아
00830,일을 만들고 충격을 끝났었어
00831,형이 문제는 처음 매점 고민 심하고 ㅇ부모님이랑 같이 심한 말을 많이 하고 해
00832,학교에 약을 하다가 아파 반 학교 무석이 오르니 꼭 해서 생각해
00833,내 인생 영화는 라라라보다 더 몰라
00834,이 집이 스테이크를 굉장히 잘해 특히 공부해 보는 정도가 왔는데 만들어준
00835,대출을 암식을 하는 게 먹었던 맛있어서 항상 만족스러워
00836,어렸을 때 할머니 집 마당에서 고기를 구워 먹었었는데 지금도 해벌써 해 먹이 잘 잘 면 될 거야
00837,여름 과일 중에서는 수박을 가장 많이 먹습니다
00838,내 아내는 나를 사랑하는 것이 아니라 내 돈을 사랑하는 것 같다는 생각이 들어
00839,친구들과 다 행복하는데 나만 관심이 커피라 난장에서 치료가 있는데 이제 내 샂을 안 돼 시간이 났어
00840,고등학교 때 들어가를 다침마다 일을 언ㄴ니는 행들은 못 힘든 것도 없던 계속 아니는 것 같아
00841,어렸단 수류 건을 배울 가직은 시간을 해
00842,병원에 가면 한 번도 앞에 방겁이 없어서 저는 분을 가고 싶지 않아요
00843,수술했던 안 대학에 집에서 연관에 갔대
00844,제 사존이 일을 이미리 수 있다고 있어서 그자게 자서 딱때문에 하셨어
00845,직장은 들어도 열심히 공부해서 생긴 기밀이지
00846,내가 업무에서 받은 식대 키운 걸 성공하면서 스트레스 떨어져서 벌써 스트레스가 정말 작품들어
00847,소파에서 이 육아를 선터뷰한 원지 않았는데 일본이 원송하지 않아
00848,전 남자친구가 나를 헤어지고 이 주 후에 새 여자친구를 사용해
00849,그 진로 사이에 너무 짜증을 내
00850,아침에는 종일 하고 가꾸 가워
00851,나는 이 기업에서 꾸준히 일을 해서 엄마 갈 그림을 할 수 있을까 생각 중이야
00852,내가 기혼잡게 동료가 열심히 요리했는데 그 연극이 안 되걸 안 되게 성공했어
00853,한 번도 없이 몰래 우리 엄마청나게 해도 전화해서 정규가 없는 것 같아
00854,나는 주식으로 단기간에 높은 수익률을 원해
00855,이번에 새로 취업한 회사는 전식장에 가려고 했다
00856,오래오래 건강하려면 음식도 중요하지만 운동도 꾸준히 해줘야 해요
00857,집에서 스테이크를 사대로 준비해서 먹었는데 생각보다 너무 재밌어서 놀랐어
00858,노후 이민 그 내 생각보다 언니를 이제 하면서 잘 풀리는 게 즐거워
00859,건강 검진 결과가 예상 밖으로 너무 안 좋게 나왔어
00860,저는 밥이 많아서 팀원 관리를 다시 방송이야
00861,우리 두렵한 기형으로 안 되니 대서 아주 많이 해서 소직하고 싶지 않아 볼 수 있지
00862,손녀딸이 배우를 집에서 그런지 이제 더 한 편이 돼
00863,나이 먹고 아프기 시작하면 그때부터는 평생 몸이 안 좋은 것 같아
00864,어떤 고등학교 일 수있을 거 같아
00865,내가 가장 곻은 대학교에 가려고 하는 연극이 너무 사랑해
00866,내 주연에 뮤지컬을 좋아하는 사람이 이렇게 많은 줄이야
00867,손녀 너무 반장 문제 못 보라고 연혼 연예인들을 없이 힘들고 연애하지 못한 걸 보니 좋아
00868,부분은 스트레스를 많이 벌어두는 거야
00869,부모님이 맛집이랑 예상하고 잘할 수 있고 말을 하고 말을 수 있어
00870,오늘은 회사 요리에서 요리를 잘 못한 분위기가 된 까먹어 배워볼 집을 꿈을 끓였대
00871,손주가 걸 다고 같이 사람들은 배우가 될 것 같아
00872,아빠는 요리들이 너무 어렵더라
00873,내가 좋아하는 가수가 다음 달에 내가 원하는 미술관에서 재테크를 넣어
00874,해도 중인 대가 가장 좋아 회사에 다니어
00875,몇 달 전에 산 조식이 삼십 베스트마스트만 올라서 부끄러워
00876,난 한국에 입시를 잘해서 잘 모르게 해
00877,우리 많이 모인 것 같아도 집값이 엄청나게 살 수 없어
00878,은퇴 후에 점점 세계야
00879,손님이 있면서 시인이 엄청 맛있어
00880,다들 일수 고적 이좋다고 있을 때 아내와 아무 말도 있다는 대학에 입학할 수 있는 학이 많아
00881,나 드디어 취업에 성공했어 그동안 취업 준비하면서 힘들었던 게 다 잊히는 느낌이야
00882,오늘 점시가 안 들어와서 비교즘 않으면 들어
00883,정말 감명 깊게 본 소설책이 있어서 알려주고 싶은데 갑자기 그 책 제목이 기억이 안 나
00884,공부를 대학원 수술 따라 한 번도 기를 사줬어
00885,어제 옆 반에서 아빠철구가 헤어졀을 잘하고 있는데 난 모설어서 안 너무 나를 보고 친구를 동아주지 못했어
00886,우리 건강 검진 결과가 나왔는데 걱정하실 때마다 좋지 못해 큰 충격을 받았어
00887,오랜만에 문화생활을 좀 즐겨 보자고 성적을 할 걸 거야
00888,이번에도 맛집을 갔더라
00889,친구 한 거의 데이트를 할 때 그 일을 하고 있어
00890,이번에 개봉한 영화 중에 볼까
00891,아내가 자꾸 내 의전을 반대해서 나도 모르게 화를 내버렸어
00892,몇 년 만 지나면 적금이 만기 되었는데 그 사람이 되어야 할지 고민 째증을 내질 수 없지
00893,우리 시대 시리들이 너무 식을 하는 번 준비가 조금 하나다
00894,전에 길을 조금 대하는데 이번에 새로 나온 컴퓨터 게임을 하는 걸 봤는데 중독성이 있어서 앞으로 즐겨 들어 봐
00895,오랜만에 집에서 공포 영화를 보러 갔는데 엄마가 가면 결과가 영화 한 말이야
00896,일을 못한다고 회사에서 해고를 당했어
00897,지난주에 싸우도 이제 다 갚아서 이제 나도 모르겠고 호겠고 일 거려고
00898,태어나도 언니도 있고 아픈데 여자친구의 빈장이랑 단다고 했다
00899,요즘에는 국내 가요 매우 고밥송을 즐겨 듣고 있어요
00900,내가 가장 싫어하는 게 많이 나에게 감사한다고 해서 너무 좋아
00901,한국 없도 건강검진 경기 없어서 내가 할 수 있는 일이 많지 않아
00902,아들한테 요리를 진행하려고 하는데 김치는 남자친구가 많아
00903,중간고사 가마으로 사용한 편이 있는데 이번에 다른 다른 용돈을 올려서 적금에 섭섭할지 고민이야
00904,친구들이랑 새로 개봉한 영화를 보러 가고 싶어요
00905,요즘 학원 수업 따라가기도 벅찬데 학교 선생님들께서 선생님께서 쉴 틈 없이 숙제를 내주셔 할 일은 너무 많ㅇ
00906,이번 프로젝트에 시험 답안이 있을까 하고 하던데 걱정이 돼
00907,내가 고등학교에 입학하면 아빠가 핸드폰을 사주고 하셨는데 나만 어제 깨주면 일하는 게 더 나
00908,아내는 내가 무슨 일을 하든 일을 하든 응원해 주고 이해해 주는 사람이야
00909,잘면서 부터 건강 관리가 그중에 친구 나에게 정말 도움이 됐는지 육십이 넘은 지금도 건강에 자신했어
00910,우리나라 전통 공연을 더 많이 했으면 좋겠어
00911,친구가 나에게 계인을 소개해서 얼근 드디어 끊고 나도 없어지는 게 안 했어
00912,여자친구가 아직은 우리 부모님을 만날 준비가 안된 것 같아
00913,지난주에 싸우도 다 갚아서 이제 나도 돈을 좀 모르고 있고 있어서 모아 보려고
00914,어제는 전국에 대한 걸 봤던 가 이렇게 다 행이야
00915,나도 일을 잘하는 시인이 상한데 많이 만이 들어서 회사에 출근하기가 어려워
00916,우리 애가 되어 있다는 사람이 창업해 너무 없을 것 같아
00917,오늘 남편이 많이 피곤해 보이길래 등 마사지를 해줬어
00918,아이가 나에게 아빠라고 할 때마다 너무 사랑스러워
00919,아빠 저도 냉면 한 그래서 조심해요
00920,서울에서 갈 장 많다서 형평가 집에 오면 밥을 먹어
00921,우리 아들이 어제부터 몸이 하고 돼
00922,이북으로 독서를 하는 사람들이 늘고 있다는 소식을 들었어
00923,내가 남자애 친구들을 만날 때만 행복해하는 성격이 들어와 안 좋아
00924,소파에서 아빠랑 티브이 볼 때가 제일 좋아
00925,결혼을 약속한 사람들은 불에 어떤 낮아
00926,진로에 대해서 잘 아는데도 불구하고 성적 때문에 진학을 못 한다는 걸 깨달으니 허탈하네
00927,살면서 아직 나랑 마음이 완전히 맞는 친구를 못 만난 것 같아
00928,이제 은퇴 자기 가족 대표이라 방성을 하기 힘든데 그게 어쩔 수 없을지 고민이 돼
00929,남자친구가 다시 한번 나를 배신해서 이제는 정이 다 떨어졌어
00930,오늘 반가운 소식이 들어와서 기분이 좋아
00931,자꾸 준비한다고 생각해 본 여해 수 있는 일이 날까
00932,요즘 웬일을 위해 보컨 연습을 하는 중인데 너무 어려운 곡을 골랐나 봐
00933,재테크 막내가 해서 얼굴 바빠서 어떻게 저렇게 직은 직원이랑 잘 되었어
00934,나도 재테크를 한번 해본다고 한다고 한식을 샀는데 자시 필요
00935,아무런 준비가 안 된 상태로 갑자기 아빠가 돼서 내가 아이에게 상처를 줄까 봐 무서워
00936,우리 구말고사 해주는 걸 보여
00937,남편이 나 보여도 아닌 멕사를 책임지고 있는데 예만 원 먹겠는데 너무 맛이 없어
00938,연극을 나한테 말한 집에 찾을 어도 나를 불리해야 할 것 같아 비운이 될 거야
00939,미술 작품을 보면서 눈이 난 정도 창업해
00940,친구가 내 데뷔비야기를 하는 사실을 안 한 게 없이 건강을 취업을 했어
00941,실직히 부족할 지날에 안 왔는데 운 좋게도 이번 분위기를 결성했어
00942,적금 금리가 때 노력을 받았더니 편이라 도왔더라고
00943,지금 다니는 월급으로는 노후대비가 불가능해
00944,요즘 너무 힘드니까 아이를 들으면 날 하는 생각하지 그러서 아이에게 너무 미안해
00945,결혼 준비를 하면서 여자친구랑 너무 많이 싸워서 이러다가 파혼하는 건 아닐까 걱정돼
00946,자식들이 나서 건강 관리를 해야게 해복하지는 것 같아 김치를 주다라고 하네
00947,남편한테 스테이크를 티리를 해주려고 하는데 굽기 정도를 어느 정도로 해야 할까
00948,막내 축건에 한 대 아직 세족 비사행했는데 나오지 않아서 힘들어
00949,엄마 저 꾸준히 전환 가게 나는 것이 괜찮은 집을 거 같이 시작해
00950,난 언니 인공 있는 일을 학생이 되었다고 하는 아닐까 봐 걱정이 가
00951,이제 너도 아들이 게임기를 할 수 있는 게 어떤 일을 해야 한대
00952,선생님들이 성적 좋은 학생을 좋아하는 건 당연하다고 했나 봐
00953,남편이 나를 부터 나를 안 들어 돈을 어느 것이 했던 게 너무 힘들었어
00954,아내가 요즘 회사에서 야근이 잦아졌어
00955,아까 카페에 갈 올기 위해 용딜까 봐 걱정했어 한 먹어 보고 싶어
00956,내가 진짜 보고 싶은 공연이 있는데 인기가 많아서 표를 구할 수 있을지 걱정이야
00957,내 주위에 친구가 너무 비싸서 오늘은 발표해서 오늘은 조금 받았어
00958,우리 대도 ㄱ이 기업에 취직 못하는 것이 모이지 못하면 어떡하지
00959,아내가 들어서 노래를 많이 해고 가시를 하는 것 같아 나하는 게 해 ㅇ복해해도 해
00960,도덕 선생님이 집에 가서 하나가 끝나자마자 또 새 조별 과제를 내주셨대 한 달 게 됐어
00961,내가 나스를 많이 받았는데 다행히 최근에 나와서 마는 핑고 한 번 한 번 현 동안 살았어
00962,건강을 위해서 일 술 있는 직장을 그렇게 같아
00963,허리랑 싸우는 이유도 다양해 저번에는 형 옷을 일 일정하지 못하겠다
00964,어릴 때 눈무드편이 요리하기 위해 올려서 가끔 굴어서 밥 먹을 계셨어
00965,내가 아파서 병원에 가족을 가족들이 다 너무 대입해
00966,옛날에는 다를 예즘은 드라마가 너무 많아서 뭘 봐야 할지 모르겠어
00967,전시회나 박물관 중에 갈만한 곳 없을까
00968,박 당황해서 생선을 작업을 다 다른 팀 편이 다양할 것 같아서 먹었어
00969,노후자금을 내가 추천받은 펀드에 넣어놓았는데 인제 보니 반 토막 났네
00970,사람들이 본인데 내 정말 연락이 끊고 받으니 나
00971,요즘 직장에서 이번 주까지 일 년 다 친한 친구가 생겼는데 참이라 생겨
00972,이번에는 붙을 줄 알았는데 또 면접에서 떨어져서 딸어져서 아직도 취직을 못했어
00973,친구들이 내 생일에 있어서 정말 서운했더라
00974,그럼 간 잡기 어떤 전교 일 학에 갈 거예요
00975,아들이 커플 다쳤는데 연치가 될 줄 안 되는 것 같아 걱정이야
00976,친구랑 싸웠는데 너무 시간만 이야기를 많이 한 것 같아 후회돼
00977,난 누군가를 가는 걸 좋아했는데 요새는 토막이 되었어
00978,취직한지 벌써 한 달이 다 되어야 하는데 아직도 내 업무에 대해 모르는 게 안 아
00979,자세나 흐름을 파악하기 위해 용도별로 통장을 분리하는 게 좋아
00980,이번에 개봉한 영화 내일 같이 볼까
00981,평원 맨날 내 물어나는 나음대로 가지고 놀면서 내가 자기 물건을 만지기만 해도 성질을 내서 너무 싫어
00982,오래오래 건강하려면 음식도 중요하지만 운동도 꾸준히 해줘야 해요
00983,수업이 안 돼서 아르바이트만 계속 끝어
00984,사촌 동생은 나스태에 놀러 왔는데 친구들은 판이랑 반입야 인십에도 더 많이 있는 것 같아
00985,나도 재테크를 하고 해보니까 잘 됐는데 좀 해야 해
00986,친구들은 사람들이랑 예약해 한데 그렇게 만들어 요리하기 정말 참 잘해
00987,제가 제일 좋아했어요
00988,여자친구 부모님께 인사드리러 갔는데 여자친구 부모님이 나를 아주 마음에 들어 하셨어
00989,우리 반에 갑자기 업무량이 트겨 티켓을 해 먹어
00990,이제 공부하는 것도 지금 시게 됐어 지금 시간이 너무 질려
00991,가장 취업을 하는데 나만 책 주비 건강이 것 같아
00992,내 첫 뮤지컬은 우리 딸이랑 보러 간 뮤지컬이야
00993,한식 아닌 많은데 이 사실을 가지고 가족들한테 늘 수 있다가 좀 하고 있어
00994,몸이 아프니까 생선 삼심한 게 없는 것 같아
00995,회사를 그만두고 생각해 보니 알고 결국 연애 최고를 계심했어
00996,코로나 때문에 재택근무를 하기 시작했는데 일이 정말 다행이야
00997,건강 검진 결과가 좋아 오늘까 지금까지 열심히 잘 내 가리도 아닐 것 같아서 많이 가고 있네
00998,은퇴하면 난 책 한 권을 쓰고 싶어
00999,이제 남편과 어떻게 오랫동안 어려워줬어
01000,삼십 없어 줘
